{
    "description": "",
    "name": "Uhh...",
    "data": [
        {
            "description": "",
            "hash": 2510526114,
            "name": "Unending Tempest - PvP [God]",
            "plugs": [
                [
                    4090651448
                ],
                [
                    3142289711
                ],
                [
                    1428297954
                ],
                [
                    365154968
                ]
            ],
            "tags": [
                "GodPVP",
                "Controller"
            ]
        },
        {
            "description": "",
            "hash": 2510526114,
            "name": "Unending Tempest - PvE [God]",
            "plugs": [
                [
                    4090651448
                ],
                [
                    106909392
                ],
                [
                    3523296417
                ],
                [
                    11612903
                ]
            ],
            "tags": [
                "GodPVE",
                "Controller"
            ]
        },
        {
            "description": "",
            "hash": 2510526114,
            "name": "Unending Tempest - PvE",
            "plugs": [
                [
                    4134353779,
                    3230963543
                ],
                [
                    1820235745,
                    3828510309
                ],
                [
                    2846385770,
                    124408337
                ]
            ],
            "tags": [
                "PVE",
                "Controller"
            ]
        },
        {
            "description": "",
            "hash": 1788603939,
            "name": "Herod-C - PvE [God]",
            "plugs": [
                [
                    839105230
                ],
                [
                    1968497646
                ],
                [
                    1820235745
                ],
                [
                    4104185692
                ]
            ],
            "tags": [
                "GodPVE",
                "Controller"
            ]
        },
        {
            "description": "",
            "hash": 1788603939,
            "name": "herod-C - PvP [God]",
            "plugs": [
                [
                    839105230
                ],
                [
                    1885400500
                ],
                [
                    1359896290
                ],
                [
                    1890422124
                ]
            ],
            "tags": [
                "GodPVP",
                "Controller"
            ]
        },
        {
            "description": "",
            "hash": 1622998472,
            "name": "vulpecula - PvE [God]",
            "plugs": [
                [
                    3661387068
                ],
                [
                    3230963543
                ],
                [
                    1168162263
                ],
                [
                    3038247973
                ]
            ],
            "tags": [
                "Controller",
                "GodPVE"
            ]
        },
        {
            "description": "",
            "hash": 1622998472,
            "name": "vulpecula - PvP [god]",
            "plugs": [
                [
                    3250034553
                ],
                [
                    3142289711
                ],
                [
                    2450788523
                ],
                [
                    3038247973
                ]
            ],
            "tags": [
                "GodPVP",
                "Controller"
            ]
        },
        {
            "description": "",
            "hash": 867154247,
            "name": "marsilion-c - PvE [god]",
            "plugs": [
                [
                    1478423395
                ],
                [
                    3301904089
                ],
                [
                    968510818
                ],
                [
                    4293542123
                ]
            ],
            "tags": [
                "GodPVE",
                "Controller"
            ]
        },
        {
            "description": "",
            "hash": 3926811686,
            "name": "",
            "plugs": [
                [
                    839105230
                ],
                [
                    106909392
                ],
                [
                    3017780555
                ],
                [
                    243981275
                ]
            ],
            "tags": [
                "GodPVE",
                "Controller"
            ]
        },
        {
            "description": "",
            "hash": 3926811686,
            "name": "",
            "plugs": [
                [
                    839105230
                ],
                [
                    3142289711
                ],
                [
                    3017780555
                ],
                [
                    1359896290
                ]
            ],
            "tags": [
                "GodPVP",
                "Controller"
            ]
        },
        {
            "description": "",
            "hash": 3998080529,
            "name": "",
            "plugs": [
                [
                    839105230
                ],
                [
                    106909392
                ],
                [
                    3828510309
                ],
                [
                    555281244
                ]
            ],
            "tags": [
                "Controller",
                "GodPVE"
            ]
        },
        {
            "description": "",
            "hash": 3998080529,
            "name": "",
            "plugs": [
                [
                    3250034553
                ],
                [
                    3142289711
                ],
                [
                    1428297954
                ],
                [
                    1015611457
                ]
            ],
            "tags": [
                "GodPVP",
                "Controller"
            ]
        },
        {
            "description": "",
            "hash": 2349907931,
            "name": "",
            "plugs": [
                [
                    1840239774
                ],
                [
                    1885400500
                ],
                [
                    2450788523
                ],
                [
                    2846385770
                ]
            ],
            "tags": [
                "GodPVP",
                "Controller"
            ]
        },
        {
            "description": "",
            "hash": 2349907931,
            "name": "",
            "plugs": [
                [
                    4090651448
                ],
                [
                    1885400500
                ],
                [
                    1631667848
                ],
                [
                    691659142
                ]
            ],
            "tags": [
                "GodPVE",
                "Controller"
            ]
        },
        {
            "description": "",
            "hash": 996109059,
            "name": "",
            "plugs": [
                [
                    4090651448
                ],
                [
                    3230963543
                ],
                [
                    1866048759
                ],
                [
                    3038247973
                ]
            ],
            "tags": [
                "GodPVP",
                "Controller"
            ]
        },
        {
            "description": "",
            "hash": 2852052802,
            "name": "",
            "plugs": [
                [
                    839105230
                ],
                [
                    679225683
                ],
                [
                    3643424744
                ],
                [
                    4049631843
                ]
            ],
            "tags": [
                "GodPVE",
                "Controller"
            ]
        },
        {
            "description": "",
            "hash": 3937866388,
            "name": "",
            "plugs": [
                [
                    839105230
                ],
                [
                    3230963543,
                    4134353779
                ],
                [
                    3523296417
                ],
                [
                    2848615171
                ]
            ],
            "tags": [
                "GodPVE",
                "Controller"
            ]
        },
        {
            "description": "",
            "hash": 1572896086,
            "name": "",
            "plugs": [
                [
                    3661387068
                ],
                [
                    106909392
                ],
                [
                    1820235745
                ],
                [
                    124408337
                ]
            ],
            "tags": [
                "GodPVE",
                "Controller"
            ]
        }
    ]
}