{
    "description": "",
    "name": "elisys",
    "data": [
        {
            "description": "",
            "hash": 2510526114,
            "name": "Unending Tempest - PvP [God]",
            "plugs": [
                [
                    4090651448
                ],
                [
                    3142289711
                ],
                [
                    1428297954
                ],
                [
                    365154968
                ]
            ],
            "tags": [
                "GodPVP"
            ]
        },
        {
            "description": "",
            "hash": 2510526114,
            "name": "Unending Tempest - PvE [God]",
            "plugs": [
                [
                    4090651448
                ],
                [
                    106909392
                ],
                [
                    3523296417
                ],
                [
                    11612903
                ]
            ],
            "tags": [
                "GodPVE"
            ]
        },
        {
            "description": "",
            "hash": 2510526114,
            "name": "Unending Tempest - PvE",
            "plugs": [
                [
                    4134353779,
                    3230963543
                ],
                [
                    1820235745,
                    3828510309
                ],
                [
                    2846385770,
                    124408337
                ]
            ],
            "tags": [
                "PVE"
            ]
        },
        {
            "description": "",
            "hash": 1788603939,
            "name": "Herod-C - PvE [God]",
            "plugs": [
                [
                    839105230
                ],
                [
                    1968497646
                ],
                [
                    1820235745
                ],
                [
                    4104185692
                ]
            ],
            "tags": [
                "GodPVE"
            ]
        },
        {
            "description": "",
            "hash": 1788603939,
            "name": "herod-C - PvP [God]",
            "plugs": [
                [
                    839105230
                ],
                [
                    1885400500
                ],
                [
                    1359896290
                ],
                [
                    1890422124
                ]
            ],
            "tags": [
                "GodPVP"
            ]
        },
        {
            "description": "",
            "hash": 1622998472,
            "name": "vulpecula - PvE [God]",
            "plugs": [
                [
                    3661387068
                ],
                [
                    3230963543
                ],
                [
                    1195158366
                ],
                [
                    3038247973
                ]
            ],
            "tags": [
                "GodPVE"
            ]
        },
        {
            "description": "",
            "hash": 1622998472,
            "name": "vulpecula - PvP [god]",
            "plugs": [
                [
                    3250034553
                ],
                [
                    3142289711
                ],
                [
                    2450788523
                ],
                [
                    3673922083
                ]
            ],
            "tags": [
                "GodPVP"
            ]
        },
        {
            "description": "",
            "hash": 867154247,
            "name": "",
            "plugs": [
                [
                    1478423395
                ],
                [
                    3301904089
                ],
                [
                    2308090567,
                    2869569095
                ],
                [
                    4293542123,
                    2675184851
                ]
            ],
            "tags": [
                "GodPVE"
            ]
        },
        {
            "description": "",
            "hash": 3926811686,
            "name": "",
            "plugs": [
                [
                    839105230
                ],
                [
                    106909392
                ],
                [
                    3017780555
                ],
                [
                    243981275
                ]
            ],
            "tags": [
                "GodPVE"
            ]
        },
        {
            "description": "",
            "hash": 3926811686,
            "name": "",
            "plugs": [
                [
                    839105230
                ],
                [
                    3142289711
                ],
                [
                    3017780555
                ],
                [
                    1359896290
                ]
            ],
            "tags": [
                "GodPVP"
            ]
        },
        {
            "description": "",
            "hash": 996109059,
            "name": "",
            "plugs": [
                [
                    4090651448
                ],
                [
                    3230963543
                ],
                [
                    1866048759,
                    2039302152
                ],
                [
                    3038247973
                ]
            ],
            "tags": [
                "GodPVP"
            ]
        },
        {
            "description": "",
            "hash": 2852052802,
            "name": "",
            "plugs": [
                [
                    839105230
                ],
                [
                    679225683
                ],
                [
                    3643424744
                ],
                [
                    4049631843
                ]
            ],
            "tags": [
                "GodPVE"
            ]
        },
        {
            "description": "",
            "hash": 1572896086,
            "name": "",
            "plugs": [
                [
                    839105230
                ],
                [
                    106909392
                ],
                [
                    1820235745
                ],
                [
                    4104185692
                ],
                [
                    1536798515
                ]
            ],
            "tags": [
                "GodPVE"
            ]
        },
        {
            "description": "",
            "hash": 153979396,
            "name": "",
            "plugs": [
                [
                    1392496348
                ],
                [
                    4134353779
                ],
                [
                    2387244414
                ],
                [
                    2720533289
                ]
            ],
            "tags": [
                "GodPVP"
            ]
        },
        {
            "description": "",
            "hash": 1179141605,
            "name": "",
            "plugs": [
                [
                    1047830412
                ],
                [
                    3142289711
                ],
                [
                    3161816588
                ],
                [
                    47981717
                ]
            ],
            "tags": [
                "GodPVP"
            ]
        },
        {
            "description": "",
            "hash": 2715240478,
            "name": "",
            "plugs": [
                [
                    3250034553
                ],
                [
                    689005463
                ],
                [
                    3300816228
                ],
                [
                    2978966579
                ],
                [
                    4091460919
                ]
            ],
            "tags": [
                "GodPVP"
            ]
        },
        {
            "description": "",
            "hash": 2715240478,
            "name": "",
            "plugs": [
                [
                    4090651448
                ],
                [
                    689005463
                ],
                [
                    3300816228
                ],
                [
                    2978966579
                ],
                [
                    4091460919
                ]
            ],
            "tags": [
                "GodPVE"
            ]
        },
        {
            "description": "",
            "hash": 2715240478,
            "name": "",
            "plugs": [
                [
                    1556840489,
                    1428297954
                ],
                [
                    2726471870
                ]
            ],
            "tags": [
                "PVE",
                "PVP"
            ]
        },
        {
            "description": "",
            "hash": 3089417788,
            "name": "",
            "plugs": [
                [
                    1840239774
                ],
                [
                    1431678320
                ],
                [
                    1866048759
                ],
                [
                    1015611457
                ]
            ],
            "tags": [
                "GodPVE"
            ]
        },
        {
            "description": "",
            "hash": 2349907931,
            "name": "",
            "plugs": [
                [
                    839105230
                ],
                [
                    1885400500
                ],
                [
                    1820235745
                ],
                [
                    124408337
                ]
            ],
            "tags": [
                "GodPVE"
            ]
        },
        {
            "description": "",
            "hash": 2349907931,
            "name": "",
            "plugs": [
                [
                    839105230
                ],
                [
                    1968497646
                ],
                [
                    2450788523
                ],
                [
                    1365187766
                ]
            ],
            "tags": [
                "GodPVP"
            ]
        },
        {
            "description": "",
            "hash": 3738678140,
            "name": "",
            "plugs": [
                [
                    466087222
                ],
                [
                    679225683
                ],
                [
                    25606670
                ],
                [
                    4104185692
                ]
            ],
            "tags": [
                "GodPVP"
            ]
        },
        {
            "description": "",
            "hash": 2490988246,
            "name": "",
            "plugs": [
                [
                    3661387068
                ],
                [
                    106909392,
                    679225683
                ],
                [
                    2039302152
                ],
                [
                    699525795
                ]
            ],
            "tags": [
                "GodPVP"
            ]
        },
        {
            "description": "",
            "hash": 2490988246,
            "name": "",
            "plugs": [
                [
                    3661387068
                ],
                [
                    106909392,
                    679225683
                ],
                [
                    3108830275
                ],
                [
                    4293542123
                ]
            ],
            "tags": [
                "GodPVE"
            ]
        },
        {
            "description": "",
            "hash": 3998080529,
            "name": "",
            "plugs": [
                [
                    202670084
                ],
                [
                    3142289711
                ],
                [
                    3017780555
                ],
                [
                    1015611457
                ]
            ],
            "tags": [
                "GodPVP"
            ]
        },
        {
            "description": "",
            "hash": 3998080529,
            "name": "",
            "plugs": [
                [
                    3661387068
                ],
                [
                    106909392
                ],
                [
                    3017780555
                ],
                [
                    4293542123
                ]
            ],
            "tags": [
                "GodPVE"
            ]
        },
        {
            "description": "",
            "hash": 3089417788,
            "name": "",
            "plugs": [
                [
                    1840239774
                ],
                [
                    1431678320
                ],
                [
                    1866048759
                ],
                [
                    1015611457
                ]
            ],
            "tags": [
                "GodPVP"
            ]
        },
        {
            "description": "",
            "hash": 153979396,
            "name": "",
            "plugs": [
                [
                    1392496348
                ],
                [
                    4134353779
                ],
                [
                    2387244414
                ],
                [
                    2720533289
                ]
            ],
            "tags": [
                "GodPVE"
            ]
        },
        {
            "description": "",
            "hash": 882778888,
            "name": "",
            "plugs": [
                [
                    3661387068
                ],
                [
                    106909392
                ],
                [
                    3161816588
                ],
                [
                    2846385770
                ],
                [
                    3326204863
                ]
            ],
            "tags": [
                "GodPVP"
            ]
        },
        {
            "description": "",
            "hash": 882778888,
            "name": "",
            "plugs": [
                [
                    4090651448
                ],
                [
                    3230963543,
                    3142289711
                ],
                [
                    1428297954
                ],
                [
                    47981717,
                    699525795
                ]
            ],
            "tags": [
                "PVP"
            ]
        }
    ]
}